date,order_count,gmv,aov,paying_customers
2016-09-15,1,0.0,0.0,0
2016-10-03,7,559.53,79.93,7
2016-10-04,54,9821.42,181.88,54
2016-10-05,35,7209.5,205.99,35
2016-10-06,41,6733.52,164.23,41
2016-10-07,38,6832.76,179.81,38
2016-10-08,36,8475.93,235.44,35
2016-10-09,20,3037.32,151.87,20
2016-10-10,34,3896.73,114.61,33
2016-12-23,1,19.62,19.62,1
2017-01-05,32,707.27,22.1,18
2017-01-06,4,988.28,247.07,4
2017-01-07,4,1447.99,362.0,4
2017-01-08,4,507.85,126.96,4
2017-01-09,5,774.51,154.9,5
2017-01-10,6,1571.17,261.86,6
2017-01-11,10,2098.78,209.88,10
2017-01-12,12,1720.35,143.36,12
2017-01-13,10,2712.86,271.29,10
2017-01-14,16,1161.08,72.57,15
2017-01-15,14,2551.34,182.24,13
2017-01-16,18,3668.38,203.8,17
2017-01-17,32,3893.61,121.68,31
2017-01-18,30,3811.68,127.06,30
2017-01-19,29,4140.16,142.76,28
2017-01-20,28,4656.05,166.29,28
2017-01-21,22,2897.86,131.72,20
2017-01-22,30,4141.87,138.06,30
2017-01-23,36,7221.59,200.6,36
2017-01-24,38,5954.18,156.69,38
2017-01-25,57,8196.05,143.79,57
2017-01-26,82,14824.8,180.79,79
2017-01-27,59,12458.14,211.15,58
2017-01-28,28,5736.98,204.89,28
2017-01-29,32,6593.76,206.06,31
2017-01-30,48,11290.93,235.23,46
2017-01-31,64,11818.15,184.66,62
2017-02-01,61,8788.7,144.08,60
2017-02-02,67,10342.54,154.37,67
2017-02-03,54,10797.07,199.95,54
2017-02-04,64,15320.15,239.38,64
2017-02-05,74,10035.21,135.61,73
2017-02-06,78,10893.73,139.66,76
2017-02-07,108,16020.23,148.34,104
2017-02-08,83,13517.96,162.87,83
2017-02-09,73,10568.42,144.77,72
2017-02-10,63,14492.58,230.04,63
2017-02-11,45,5233.15,116.29,45
2017-02-12,61,16389.82,268.69,61
2017-02-13,74,12174.71,164.52,74
2017-02-14,66,12363.65,187.33,65
2017-02-15,56,7734.14,138.11,56
2017-02-16,49,6842.42,139.64,49
2017-02-17,45,8059.2,179.09,45
2017-02-18,52,8456.59,162.63,50
2017-02-19,37,4195.81,113.4,37
2017-02-20,59,8318.07,140.98,59
2017-02-21,39,8982.23,230.31,39
2017-02-22,53,7024.96,132.55,51
2017-02-23,57,7792.79,136.72,55
2017-02-24,60,7779.2,129.65,60
2017-02-25,39,4347.75,111.48,39
2017-02-26,42,6101.02,145.26,42
2017-02-27,41,6727.34,164.08,41
2017-02-28,53,11999.21,226.4,53
2017-03-01,93,14190.98,152.59,92
2017-03-02,66,12575.46,190.54,66
2017-03-03,72,13919.14,193.32,69
2017-03-04,69,10024.79,145.29,66
2017-03-05,67,8092.32,120.78,66
2017-03-06,94,10605.15,112.82,94
2017-03-07,78,13190.06,169.1,77
2017-03-08,73,14778.27,202.44,73
2017-03-09,88,13001.78,147.75,86
2017-03-10,84,14005.74,166.74,81
2017-03-11,68,12108.32,178.06,68
2017-03-12,63,7711.89,122.41,61
2017-03-13,104,18563.44,178.49,102
2017-03-14,95,16171.19,170.22,95
2017-03-15,101,16477.95,163.15,100
2017-03-16,100,16467.91,164.68,100
2017-03-17,64,13522.03,211.28,64
2017-03-18,71,17593.33,247.79,71
2017-03-19,56,7728.08,138.0,56
2017-03-20,113,19327.85,171.04,111
2017-03-21,92,13166.64,143.12,90
2017-03-22,104,16338.04,157.1,103
2017-03-23,105,18402.83,175.27,104
2017-03-24,75,11554.39,154.06,73
2017-03-25,72,10896.76,151.34,69
2017-03-26,63,7356.91,116.78,63
2017-03-27,107,18517.1,173.06,106
2017-03-28,96,13533.91,140.98,95
2017-03-29,72,9662.03,134.19,71
2017-03-30,72,11172.34,155.17,72
2017-03-31,69,13712.76,198.74,69
2017-04-01,66,18862.37,285.79,63
2017-04-02,64,10452.22,163.32,63
2017-04-03,68,10300.27,151.47,68
2017-04-04,96,14152.99,147.43,96
2017-04-05,93,20080.09,215.91,90
2017-04-06,92,20966.29,227.89,91
2017-04-07,82,14605.91,178.12,80
2017-04-08,64,9688.06,151.38,63
2017-04-09,68,9077.65,133.49,65
2017-04-10,84,13049.66,155.35,84
2017-04-11,73,8420.13,115.34,73
2017-04-12,61,8925.15,146.31,61
2017-04-13,60,11216.11,186.94,59
2017-04-14,47,7950.88,169.17,47
2017-04-15,49,9225.82,188.28,49
2017-04-16,47,6063.82,129.02,47
2017-04-17,58,8628.01,148.76,58
2017-04-18,71,23433.86,330.05,71
2017-04-19,93,13527.61,145.46,92
2017-04-20,91,14461.9,158.92,86
2017-04-21,66,10101.02,153.05,66
2017-04-22,82,14760.97,180.01,82
2017-04-23,84,11506.54,136.98,83
2017-04-24,110,15435.59,140.32,110
2017-04-25,106,16145.47,152.32,106
2017-04-26,122,18037.64,147.85,122
2017-04-27,75,11475.53,153.01,75
2017-04-28,95,17803.15,187.4,95
2017-04-29,70,13307.91,190.11,70
2017-04-30,66,9289.56,140.75,66
2017-05-01,111,13923.19,125.43,109
2017-05-02,122,19905.71,163.16,122
2017-05-03,101,12124.87,120.05,101
2017-05-04,107,15778.17,147.46,105
2017-05-05,104,15920.31,153.08,103
2017-05-06,103,16618.04,161.34,100
2017-05-07,102,18674.86,183.09,100
2017-05-08,120,18708.37,155.9,120
2017-05-09,120,23492.4,195.77,119
2017-05-10,109,22648.56,207.78,107
2017-05-11,124,21063.52,169.87,123
2017-05-12,105,13918.65,132.56,103
2017-05-13,67,9781.86,146.0,66
2017-05-14,108,16520.56,152.97,108
2017-05-15,149,21065.32,141.38,146
2017-05-16,149,24213.16,162.5,146
2017-05-17,139,21127.09,151.99,138
2017-05-18,124,20806.7,167.8,122
2017-05-19,140,20483.89,146.31,135
2017-05-20,70,12239.93,174.86,70
2017-05-21,145,20063.3,138.37,141
2017-05-22,145,27312.02,188.36,142
2017-05-23,120,19919.26,165.99,120
2017-05-24,140,26552.81,189.66,137
2017-05-25,103,17383.91,168.78,102
2017-05-26,77,12246.38,159.04,76
2017-05-27,77,15158.26,196.86,76
2017-05-28,98,11120.71,113.48,98
2017-05-29,151,20620.45,136.56,150
2017-05-30,98,15732.56,160.54,98
2017-05-31,118,21941.91,185.95,118
2017-06-01,123,21749.38,176.82,121
2017-06-02,123,21013.76,170.84,121
2017-06-03,88,12232.84,139.01,88
2017-06-04,99,15701.85,158.6,98
2017-06-05,142,25970.01,182.89,140
2017-06-06,128,16125.71,125.98,124
2017-06-07,122,15102.21,123.79,121
2017-06-08,134,21919.44,163.58,131
2017-06-09,105,18447.99,175.7,103
2017-06-10,72,9467.0,131.49,71
2017-06-11,111,16397.4,147.72,108
2017-06-12,121,16726.27,138.23,121
2017-06-13,121,16307.27,134.77,121
2017-06-14,128,23217.67,181.39,124
2017-06-15,103,14140.56,137.29,99
2017-06-16,94,14547.83,154.76,93
2017-06-17,72,12474.05,173.25,71
2017-06-18,87,17556.37,201.8,85
2017-06-19,152,25319.01,166.57,148
2017-06-20,90,13653.9,151.71,90
2017-06-21,34,7199.7,211.76,34
2017-06-22,83,10159.55,122.4,82
2017-06-23,103,15044.51,146.06,102
2017-06-24,74,9781.5,132.18,73
2017-06-25,99,19861.19,200.62,96
2017-06-26,67,14631.39,218.38,65
2017-06-27,140,19609.72,140.07,140
2017-06-28,117,16840.29,143.93,117
2017-06-29,110,14276.78,129.79,108
2017-06-30,93,14750.45,158.61,93
2017-07-01,77,13357.44,173.47,77
2017-07-02,102,13372.33,131.1,101
2017-07-03,111,17715.56,159.6,110
2017-07-04,120,17626.42,146.89,118
2017-07-05,138,23844.87,172.79,135
2017-07-06,140,24168.19,172.63,138
2017-07-07,114,15647.8,137.26,114
2017-07-08,83,11897.07,143.34,82
2017-07-09,88,9915.73,112.68,88
2017-07-10,140,20397.34,145.7,137
2017-07-11,158,22602.06,143.05,157
2017-07-12,145,21775.74,150.18,145
2017-07-13,131,17675.37,134.93,129
2017-07-14,148,21665.78,146.39,146
2017-07-15,97,13070.37,134.75,97
2017-07-16,107,15084.95,140.98,107
2017-07-17,162,25134.75,155.15,159
2017-07-18,188,31860.71,169.47,185
2017-07-19,148,19302.12,130.42,145
2017-07-20,139,21031.58,151.31,139
2017-07-21,112,14917.53,133.19,109
2017-07-22,87,13279.2,152.63,84
2017-07-23,101,13682.85,135.47,100
2017-07-24,157,21300.63,135.67,154
2017-07-25,145,19767.31,136.33,143
2017-07-26,117,13352.49,114.12,114
2017-07-27,121,18440.82,152.4,120
2017-07-28,130,22607.76,173.91,127
2017-07-29,109,17426.58,159.88,107
2017-07-30,114,14388.61,126.22,113
2017-07-31,143,20093.97,140.52,139
2017-08-01,161,24811.88,154.11,160
2017-08-02,149,20673.81,138.75,149
2017-08-03,144,21257.46,147.62,143
2017-08-04,139,21112.7,151.89,136
2017-08-05,113,14282.71,126.4,111
2017-08-06,105,15305.72,145.77,104
2017-08-07,157,26629.34,169.61,155
2017-08-08,146,21541.13,147.54,145
2017-08-09,140,23298.08,166.41,140
2017-08-10,154,23196.09,150.62,150
2017-08-11,133,22067.71,165.92,130
2017-08-12,91,14433.45,158.61,89
2017-08-13,90,14373.59,159.71,90
2017-08-14,153,21245.89,138.86,150
2017-08-15,186,26883.56,144.54,183
2017-08-16,166,24367.86,146.79,162
2017-08-17,153,21116.33,138.02,151
2017-08-18,141,19514.79,138.4,140
2017-08-19,106,15031.02,141.8,106
2017-08-20,103,14955.17,145.2,102
2017-08-21,172,25168.01,146.33,170
2017-08-22,135,19680.58,145.78,131
2017-08-23,111,18593.79,167.51,109
2017-08-24,123,15814.19,128.57,121
2017-08-25,117,16589.62,141.79,113
2017-08-26,89,11658.23,130.99,89
2017-08-27,115,15414.3,134.04,113
2017-08-28,150,24637.72,164.25,145
2017-08-29,135,36458.7,270.06,134
2017-08-30,173,33063.14,191.12,168
2017-08-31,143,22824.04,159.61,142
2017-09-01,153,31797.13,207.82,150
2017-09-02,102,20215.96,198.2,100
2017-09-03,123,30749.17,249.99,123
2017-09-04,147,28186.68,191.75,143
2017-09-05,151,24058.05,159.32,151
2017-09-06,138,28254.37,204.74,137
2017-09-07,97,19096.76,196.87,96
2017-09-08,111,14069.01,126.75,109
2017-09-09,103,17086.05,165.88,100
2017-09-10,132,20041.51,151.83,131
2017-09-11,176,26817.75,152.37,176
2017-09-12,200,31485.63,157.43,196
2017-09-13,203,31513.56,155.24,201
2017-09-14,163,26057.64,159.86,162
2017-09-15,144,21050.7,146.19,143
2017-09-16,125,21758.71,174.07,124
2017-09-17,125,22826.04,182.61,123
2017-09-18,179,31137.99,173.96,177
2017-09-19,149,22906.86,153.74,147
2017-09-20,158,25726.43,162.83,157
2017-09-21,144,21483.11,149.19,144
2017-09-22,133,18108.13,136.15,130
2017-09-23,81,11530.58,142.35,80
2017-09-24,112,15371.22,137.24,108
2017-09-25,129,20365.15,157.87,129
2017-09-26,174,24567.7,141.19,173
2017-09-27,144,24083.23,167.24,142
2017-09-28,140,26042.47,186.02,140
2017-09-29,109,31075.78,285.1,108
2017-09-30,105,13706.62,130.54,105
2017-10-01,124,21048.67,169.75,122
2017-10-02,140,24937.45,178.12,140
2017-10-03,193,29647.5,153.61,190
2017-10-04,156,24518.81,157.17,154
2017-10-05,138,28373.15,205.6,138
2017-10-06,124,19876.13,160.29,122
2017-10-07,100,17222.96,172.23,99
2017-10-08,124,19424.09,156.65,122
2017-10-09,187,33381.74,178.51,185
2017-10-10,175,31450.93,179.72,174
2017-10-11,151,21848.65,144.69,147
2017-10-12,136,21724.54,159.74,135
2017-10-13,150,25707.8,171.39,149
2017-10-14,114,15715.4,137.85,114
2017-10-15,117,21097.05,180.32,117
2017-10-16,188,34435.34,183.17,188
2017-10-17,195,34316.96,175.98,192
2017-10-18,176,31501.88,178.99,174
2017-10-19,172,26785.55,155.73,169
2017-10-20,118,21436.4,181.66,118
2017-10-21,104,16798.55,161.52,103
2017-10-22,152,22539.73,148.29,149
2017-10-23,152,25132.41,165.34,152
2017-10-24,162,25677.06,158.5,161
2017-10-25,152,20594.98,135.49,149
2017-10-26,140,24937.53,178.13,139
2017-10-27,130,23083.02,177.56,130
2017-10-28,85,18741.9,220.49,82
2017-10-29,129,20055.17,155.47,126
2017-10-30,138,22367.93,162.09,138
2017-10-31,156,26760.99,171.54,155
2017-11-01,108,22029.14,203.97,107
2017-11-02,117,23825.62,203.64,117
2017-11-03,138,26036.08,188.67,137
2017-11-04,106,22074.22,208.25,105
2017-11-05,137,19815.71,144.64,132
2017-11-06,182,32103.93,176.4,182
2017-11-07,154,23399.01,151.94,153
2017-11-08,169,22458.68,132.89,167
2017-11-09,182,28045.15,154.09,182
2017-11-10,159,22010.46,138.43,158
2017-11-11,152,26054.42,171.41,151
2017-11-12,170,25953.39,152.67,170
2017-11-13,197,28691.3,145.64,197
2017-11-14,184,30765.71,167.2,182
2017-11-15,176,26278.59,149.31,175
2017-11-16,219,32236.15,147.2,217
2017-11-17,185,33589.38,181.56,183
2017-11-18,141,26543.38,188.25,138
2017-11-19,157,23273.59,148.24,154
2017-11-20,219,49081.73,224.12,217
2017-11-21,222,38509.62,173.47,221
2017-11-22,190,28780.66,151.48,187
2017-11-23,268,49748.17,185.63,265
2017-11-24,1147,175250.94,152.79,1132
2017-11-25,487,70684.27,145.14,480
2017-11-26,382,52164.38,136.56,377
2017-11-27,395,55887.37,141.49,391
2017-11-28,372,55990.31,150.51,369
2017-11-29,314,46164.9,147.02,313
2017-11-30,260,36081.79,138.78,257
2017-12-01,267,44851.78,167.98,261
2017-12-02,212,35251.72,166.28,211
2017-12-03,227,33708.24,148.49,227
2017-12-04,322,51732.07,160.66,318
2017-12-05,269,39049.39,145.17,268
2017-12-06,269,44917.89,166.98,265
2017-12-07,223,32437.07,145.46,222
2017-12-08,210,33204.45,158.12,209
2017-12-09,154,23321.18,151.44,152
2017-12-10,184,27637.73,150.21,180
2017-12-11,262,38433.88,146.69,259
2017-12-12,251,37772.83,150.49,249
2017-12-13,215,33708.8,156.79,211
2017-12-14,195,29203.3,149.76,194
2017-12-15,185,30506.85,164.9,184
2017-12-16,129,22701.56,175.98,129
2017-12-17,130,21775.65,167.51,127
2017-12-18,205,33370.1,162.78,204
2017-12-19,173,23858.26,137.91,172
2017-12-20,168,30531.41,181.73,167
2017-12-21,140,21104.96,150.75,140
2017-12-22,108,16443.08,152.25,108
2017-12-23,101,13952.53,138.14,100
2017-12-24,57,6653.69,116.73,57
2017-12-25,86,12059.38,140.23,84
2017-12-26,165,23280.78,141.1,165
2017-12-27,164,20625.7,125.77,164
2017-12-28,143,17358.5,121.39,143
2017-12-29,132,18620.09,141.06,131
2017-12-30,96,15201.6,158.35,96
2017-12-31,71,9924.7,139.78,71
2018-01-01,72,8307.36,115.38,72
2018-01-02,200,28935.99,144.68,200
2018-01-03,219,35871.97,163.8,218
2018-01-04,248,39137.4,157.81,246
2018-01-05,197,30267.04,153.64,195
2018-01-06,213,32447.81,152.34,212
2018-01-07,192,32749.23,170.57,192
2018-01-08,287,43927.03,153.06,285
2018-01-09,246,34951.14,142.08,245
2018-01-10,271,43643.99,161.05,271
2018-01-11,260,45892.54,176.51,259
2018-01-12,234,35877.3,153.32,233
2018-01-13,211,31871.73,151.05,209
2018-01-14,229,34947.35,152.61,225
2018-01-15,300,44190.84,147.3,297
2018-01-16,296,48957.92,165.4,293
2018-01-17,277,41255.67,148.94,275
2018-01-18,236,32644.24,138.32,230
2018-01-19,225,32215.2,143.18,223
2018-01-20,182,26667.76,146.53,179
2018-01-21,188,25653.42,136.45,187
2018-01-22,305,42966.09,140.87,300
2018-01-23,256,39504.02,154.31,254
2018-01-24,236,35959.91,152.37,233
2018-01-25,226,33912.46,150.06,222
2018-01-26,223,38752.79,173.78,222
2018-01-27,150,24568.62,163.79,147
2018-01-28,149,25685.11,172.38,147
2018-01-29,242,35457.08,146.52,239
2018-01-30,248,34186.5,137.85,244
2018-01-31,251,37201.35,148.21,246
2018-02-01,227,35200.93,155.07,224
2018-02-02,207,31573.64,152.53,205
2018-02-03,189,26742.03,141.49,188
2018-02-04,197,27687.48,140.55,196
2018-02-05,265,41183.29,155.41,259
2018-02-06,262,39162.3,149.47,258
2018-02-07,242,35845.39,148.12,238
2018-02-08,225,31531.31,140.14,222
2018-02-09,208,34643.87,166.56,206
2018-02-10,174,24342.08,139.9,169
2018-02-11,165,25377.01,153.8,163
2018-02-12,214,27569.29,128.83,210
2018-02-13,217,27425.09,126.38,213
2018-02-14,287,42778.65,149.05,276
2018-02-15,270,36737.77,136.07,264
2018-02-16,210,31451.27,149.77,208
2018-02-17,198,29049.53,146.71,196
2018-02-18,199,28548.16,143.46,196
2018-02-19,251,32947.13,131.26,248
2018-02-20,283,42199.24,149.11,281
2018-02-21,260,36890.27,141.89,250
2018-02-22,268,35576.59,132.75,264
2018-02-23,232,32866.43,141.67,224
2018-02-24,188,27999.58,148.93,183
2018-02-25,231,33900.73,146.76,226
2018-02-26,290,49659.98,171.24,282
2018-02-27,293,46614.44,159.09,283
2018-02-28,303,51007.4,168.34,298
2018-03-01,268,45237.19,168.8,265
2018-03-02,262,36904.02,140.86,256
2018-03-03,205,30780.47,150.15,199
2018-03-04,228,35533.64,155.85,224
2018-03-05,252,43688.21,173.37,248
2018-03-06,268,44866.09,167.41,266
2018-03-07,254,41584.0,163.72,251
2018-03-08,227,33059.59,145.64,223
2018-03-09,197,32245.91,163.68,196
2018-03-10,185,29722.84,160.66,183
2018-03-11,215,36317.38,168.92,214
2018-03-12,228,35245.42,154.59,226
2018-03-13,217,40303.17,185.73,216
2018-03-14,195,27150.51,139.23,194
2018-03-15,272,48505.73,178.33,271
2018-03-16,242,37682.45,155.71,239
2018-03-17,176,23542.99,133.77,175
2018-03-18,211,35452.6,168.02,206
2018-03-19,293,51213.97,174.79,291
2018-03-20,292,42122.06,144.25,290
2018-03-21,277,45667.68,164.87,274
2018-03-22,249,36150.42,145.18,247
2018-03-23,209,31492.41,150.68,208
2018-03-24,163,27433.67,168.3,163
2018-03-25,188,29948.35,159.3,187
2018-03-26,266,41107.03,154.54,265
2018-03-27,239,39310.44,164.48,238
2018-03-28,210,31423.56,149.64,210
2018-03-29,188,32834.01,174.65,188
2018-03-30,163,25998.0,159.5,163
2018-03-31,164,28154.19,171.67,162
2018-04-01,201,33208.59,165.22,201
2018-04-02,274,46569.05,169.96,274
2018-04-03,243,41814.26,172.08,243
2018-04-04,252,42190.71,167.42,251
2018-04-05,261,41827.99,160.26,259
2018-04-06,181,30713.51,169.69,181
2018-04-07,161,28285.11,175.68,160
2018-04-08,183,27508.1,150.32,182
2018-04-09,250,55344.94,221.38,248
2018-04-10,196,31879.46,162.65,195
2018-04-11,262,44426.54,169.57,261
2018-04-12,253,39744.34,157.09,252
2018-04-13,197,34785.48,176.58,197
2018-04-14,145,22305.81,153.83,143
2018-04-15,219,36151.24,165.07,217
2018-04-16,276,46881.58,169.86,275
2018-04-17,258,39357.93,152.55,257
2018-04-18,271,44858.48,165.53,270
2018-04-19,287,49231.13,171.54,285
2018-04-20,192,31389.13,163.49,192
2018-04-21,154,22309.62,144.87,154
2018-04-22,199,31803.77,159.82,198
2018-04-23,283,43741.62,154.56,282
2018-04-24,265,48920.61,184.61,263
2018-04-25,279,46862.93,167.97,278
2018-04-26,250,36424.31,145.7,250
2018-04-27,237,45327.22,191.25,236
2018-04-28,166,25846.43,155.7,166
2018-04-29,168,22756.58,135.46,168
2018-04-30,235,40467.48,172.2,235
2018-05-01,252,37921.15,150.48,252
2018-05-02,287,42472.0,147.99,286
2018-05-03,300,47937.34,159.79,297
2018-05-04,262,44708.27,170.64,262
2018-05-05,192,32062.42,166.99,192
2018-05-06,206,32174.89,156.19,205
2018-05-07,363,60805.33,167.51,362
2018-05-08,323,53989.69,167.15,323
2018-05-09,335,49598.24,148.05,333
2018-05-10,273,56936.59,208.56,271
2018-05-11,244,43139.65,176.8,244
2018-05-12,200,33775.17,168.88,200
2018-05-13,205,36076.26,175.98,204
2018-05-14,355,60753.88,171.14,355
2018-05-15,348,49217.98,141.43,347
2018-05-16,351,63960.93,182.22,350
2018-05-17,224,35328.37,157.72,223
2018-05-18,232,35661.17,153.71,231
2018-05-19,137,28140.17,205.4,135
2018-05-20,158,22624.45,143.19,158
2018-05-21,199,28743.66,144.44,199
2018-05-22,195,31382.42,160.94,195
2018-05-23,132,20262.3,153.5,132
2018-05-24,113,22210.47,196.55,113
2018-05-25,103,18137.37,176.09,103
2018-05-26,99,16914.09,170.85,99
2018-05-27,100,14693.68,146.94,98
2018-05-28,142,30114.99,212.08,142
2018-05-29,149,29441.33,197.59,149
2018-05-30,138,22279.17,161.44,138
2018-05-31,132,27373.26,207.37,131
2018-06-01,184,37284.05,202.63,182
2018-06-02,141,28870.67,204.76,141
2018-06-03,189,32375.81,171.3,188
2018-06-04,222,33866.17,152.55,219
2018-06-05,196,35869.16,183.01,194
2018-06-06,227,32176.98,141.75,226
2018-06-07,223,42676.38,191.37,223
2018-06-08,195,31031.82,159.14,195
2018-06-09,169,33831.91,200.19,169
2018-06-10,190,30124.46,158.55,190
2018-06-11,294,57345.56,195.05,294
2018-06-12,244,46630.26,191.11,244
2018-06-13,253,40557.07,160.3,253
2018-06-14,211,32553.16,154.28,211
2018-06-15,182,31134.14,171.07,181
2018-06-16,162,28607.93,176.59,161
2018-06-17,151,20657.67,136.81,151
2018-06-18,243,39773.01,163.67,242
2018-06-19,228,39427.64,172.93,228
2018-06-20,216,34251.5,158.57,216
2018-06-21,232,33152.97,142.9,231
2018-06-22,177,28484.57,160.93,177
2018-06-23,149,21043.65,141.23,148
2018-06-24,198,29291.59,147.94,198
2018-06-25,238,41024.31,172.37,238
2018-06-26,238,36999.52,155.46,238
2018-06-27,214,32505.93,151.9,214
2018-06-28,239,37182.97,155.58,238
2018-06-29,171,24857.31,145.36,170
2018-06-30,123,18502.51,150.43,122
2018-07-01,159,28512.39,179.32,159
2018-07-02,193,29113.41,150.85,193
2018-07-03,214,31209.77,145.84,214
2018-07-04,251,41009.49,163.38,250
2018-07-05,193,33574.05,173.96,192
2018-07-06,120,21828.25,181.9,120
2018-07-07,89,10942.08,122.94,89
2018-07-08,118,17107.22,144.98,117
2018-07-09,146,22894.0,156.81,146
2018-07-10,129,21572.53,167.23,129
2018-07-11,123,21286.74,173.06,123
2018-07-12,117,22767.58,194.59,116
2018-07-13,167,32529.39,194.79,167
2018-07-14,142,25593.41,180.24,141
2018-07-15,148,33876.6,228.9,148
2018-07-16,238,36329.5,152.64,235
2018-07-17,216,34775.6,161.0,212
2018-07-18,302,48588.05,160.89,294
2018-07-19,249,44557.39,178.95,245
2018-07-20,247,37905.62,153.46,246
2018-07-21,184,25130.58,136.58,181
2018-07-22,213,30939.74,145.26,211
2018-07-23,298,47195.4,158.37,298
2018-07-24,264,46345.99,175.55,262
2018-07-25,264,47599.78,180.3,263
2018-07-26,244,41183.98,168.79,243
2018-07-27,186,33017.33,177.51,185
2018-07-28,172,29350.49,170.64,171
2018-07-29,182,34233.31,188.1,181
2018-07-30,278,44165.92,158.87,278
2018-07-31,313,52768.27,168.59,313
2018-08-01,306,48066.11,157.08,305
2018-08-02,292,44852.24,153.6,292
2018-08-03,308,48819.75,158.51,308
2018-08-04,236,40250.11,170.55,236
2018-08-05,269,41282.34,153.47,268
2018-08-06,363,62728.23,172.81,363
2018-08-07,353,55643.03,157.63,352
2018-08-08,310,50376.96,162.51,308
2018-08-09,280,46246.05,165.16,280
2018-08-10,249,38934.43,156.36,248
2018-08-11,185,30511.58,164.93,185
2018-08-12,191,34260.37,179.37,191
2018-08-13,284,45431.38,159.97,283
2018-08-14,311,51138.46,164.43,309
2018-08-15,282,52083.74,184.69,282
2018-08-16,316,41699.15,131.96,315
2018-08-17,249,36948.84,148.39,247
2018-08-18,193,28475.76,147.54,193
2018-08-19,204,29989.35,147.01,203
2018-08-20,251,39054.09,155.59,251
2018-08-21,238,30773.18,129.3,238
2018-08-22,185,24203.63,130.83,184
2018-08-23,142,19522.58,137.48,142
2018-08-24,96,11085.63,115.48,96
2018-08-25,69,11737.76,170.11,69
2018-08-26,73,9304.0,127.45,73
2018-08-27,66,6111.6,92.6,66
2018-08-28,39,4121.23,105.67,39
2018-08-29,11,1762.7,160.25,11
